{"camera_matrix": [[3016.0, 0.0, 1508.0], [0.0, 3016.0, 1048.0], [0.0, 0.0, 1.0]], "dist_coeffs": [-0.15000000596046448, -0.20999999344348907, 0.0, 0.0, 0.0], "zoom_scale": 0.1200000000000001}